model,RMSE,MAE,R2
Random Forest,8.378598452787076,5.8562356321839095,0.21638964830766705
ElasticNet (CV),10.060990371578823,8.366385650331228,-0.1298970554123151
Linear Regression,10.727130859515716,9.08642718511085,-0.28447178014067354
